Seq,AOU,English_Common_Name,Order,Family,Genus,Species
6,01770,Black-bellied Whistling-Duck,Anseriformes,Anatidae,Dendrocygna,autumnalis
7,01780,Fulvous Whistling-Duck,Anseriformes,Anatidae,Dendrocygna,bicolor
8,01760,Emperor Goose,Anseriformes,Anatidae,Anser,canagicus
9,01690,Snow Goose,Anseriformes,Anatidae,Anser,caerulescens
11,01700,Ross's Goose,Anseriformes,Anatidae,Anser,rossii
12,01710,Greater White-fronted Goose,Anseriformes,Anatidae,Anser,albifrons
14,01730,Brant,Anseriformes,Anatidae,Branta,bernicla
17,01725,Cackling Goose,Anseriformes,Anatidae,Branta,hutchinsii
18,01720,Canada Goose,Anseriformes,Anatidae,Branta,canadensis
19,01782,Mute Swan,Anseriformes,Anatidae,Cygnus,olor
20,01810,Trumpeter Swan,Anseriformes,Anatidae,Cygnus,buccinator
21,01800,Tundra Swan,Anseriformes,Anatidae,Cygnus,columbianus
23,20630,Egyptian Goose,Anseriformes,Anatidae,Alopochen,aegyptiaca
24,10210,Muscovy Duck,Anseriformes,Anatidae,Cairina,moschata
25,01440,Wood Duck,Anseriformes,Anatidae,Aix,sponsa
27,01400,Blue-winged Teal,Anseriformes,Anatidae,Spatula,discors
28,01410,Cinnamon Teal,Anseriformes,Anatidae,Spatula,cyanoptera
29,01420,Northern Shoveler,Anseriformes,Anatidae,Spatula,clypeata
30,01350,Gadwall,Anseriformes,Anatidae,Mareca,strepera
31,01360,Eurasian Wigeon,Anseriformes,Anatidae,Mareca,penelope
32,01370,American Wigeon,Anseriformes,Anatidae,Mareca,americana
33,01320,Mallard,Anseriformes,Anatidae,Anas,platyrhynchos
34,01331,Mexican Duck,Anseriformes,Anatidae,Anas,diazi
35,01330,American Black Duck,Anseriformes,Anatidae,Anas,rubripes
36,01340,Mottled Duck,Anseriformes,Anatidae,Anas,fulvigula
39,01430,Northern Pintail,Anseriformes,Anatidae,Anas,acuta
40,01390,Green-winged Teal,Anseriformes,Anatidae,Anas,crecca
41,01470,Canvasback,Anseriformes,Anatidae,Aythya,valisineria
42,01460,Redhead,Anseriformes,Anatidae,Aythya,americana
43,01500,Ring-necked Duck,Anseriformes,Anatidae,Aythya,collaris
44,01491,Tufted Duck,Anseriformes,Anatidae,Aythya,fuligula
45,01480,Greater Scaup,Anseriformes,Anatidae,Aythya,marila
46,01490,Lesser Scaup,Anseriformes,Anatidae,Aythya,affinis
48,01570,Steller's Eider,Anseriformes,Anatidae,Polysticta,stelleri
49,01580,Spectacled Eider,Anseriformes,Anatidae,Somateria,fischeri
50,01620,King Eider,Anseriformes,Anatidae,Somateria,spectabilis
51,01590,Common Eider,Anseriformes,Anatidae,Somateria,mollissima
52,01550,Harlequin Duck,Anseriformes,Anatidae,Histrionicus,histrionicus
53,01660,Surf Scoter,Anseriformes,Anatidae,Melanitta,perspicillata
54,01650,White-winged Scoter,Anseriformes,Anatidae,Melanitta,deglandi
56,01630,Black Scoter,Anseriformes,Anatidae,Melanitta,americana
58,01540,Long-tailed Duck,Anseriformes,Anatidae,Clangula,hyemalis
59,01530,Bufflehead,Anseriformes,Anatidae,Bucephala,albeola
60,01510,Common Goldeneye,Anseriformes,Anatidae,Bucephala,clangula
61,01520,Barrow's Goldeneye,Anseriformes,Anatidae,Bucephala,islandica
64,01310,Hooded Merganser,Anseriformes,Anatidae,Lophodytes,cucullatus
65,01290,Common Merganser,Anseriformes,Anatidae,Mergus,merganser
66,01300,Red-breasted Merganser,Anseriformes,Anatidae,Mergus,serrator
68,01670,Ruddy Duck,Anseriformes,Anatidae,Oxyura,jamaicensis
69,03110,Plain Chachalaca,Galliformes,Cracidae,Ortalis,vetula
77,02920,Mountain Quail,Galliformes,Odontophoridae,Oreortyx,pictus
82,02890,Northern Bobwhite,Galliformes,Odontophoridae,Colinus,virginianus
84,02930,Scaled Quail,Galliformes,Odontophoridae,Callipepla,squamata
86,02940,California Quail,Galliformes,Odontophoridae,Callipepla,californica
87,02950,Gambel's Quail,Galliformes,Odontophoridae,Callipepla,gambelii
88,02960,Montezuma Quail,Galliformes,Odontophoridae,Cyrtonyx,montezumae
92,03100,Wild Turkey,Galliformes,Phasianidae,Meleagris,gallopavo
94,03000,Ruffed Grouse,Galliformes,Phasianidae,Bonasa,umbellus
95,02980,Spruce Grouse,Galliformes,Phasianidae,Canachites,canadensis
96,03010,Willow Ptarmigan,Galliformes,Phasianidae,Lagopus,lagopus
97,03020,Rock Ptarmigan,Galliformes,Phasianidae,Lagopus,muta
98,03040,White-tailed Ptarmigan,Galliformes,Phasianidae,Lagopus,leucura
99,03090,Greater Sage-Grouse,Galliformes,Phasianidae,Centrocercus,urophasianus
100,03089,Gunnison Sage-Grouse,Galliformes,Phasianidae,Centrocercus,minimus
101,02970,Dusky Grouse,Galliformes,Phasianidae,Dendragapus,obscurus
102,02971,Sooty Grouse,Galliformes,Phasianidae,Dendragapus,fuliginosus
104,03080,Sharp-tailed Grouse,Galliformes,Phasianidae,Tympanuchus,phasianellus
105,03050,Greater Prairie-Chicken,Galliformes,Phasianidae,Tympanuchus,cupido
106,03070,Lesser Prairie-Chicken,Galliformes,Phasianidae,Tympanuchus,pallidicinctus
107,02881,Gray Partridge,Galliformes,Phasianidae,Perdix,perdix
108,03091,Ring-necked Pheasant,Galliformes,Phasianidae,Phasianus,colchicus
109,03095,Indian Peafowl,Galliformes,Phasianidae,Pavo,cristatus
111,02882,Chukar,Galliformes,Phasianidae,Alectoris,chukar
113,00050,Least Grebe,Podicipediformes,Podicipedidae,Tachybaptus,dominicus
114,00060,Pied-billed Grebe,Podicipediformes,Podicipedidae,Podilymbus,podiceps
115,00030,Horned Grebe,Podicipediformes,Podicipedidae,Podiceps,auritus
116,00020,Red-necked Grebe,Podicipediformes,Podicipedidae,Podiceps,grisegena
117,00040,Eared Grebe,Podicipediformes,Podicipedidae,Podiceps,nigricollis
118,00010,Western Grebe,Podicipediformes,Podicipedidae,Aechmophorus,occidentalis
119,00011,Clark's Grebe,Podicipediformes,Podicipedidae,Aechmophorus,clarkii
121,03131,Rock Pigeon,Columbiformes,Columbidae,Columba,livia
125,03140,White-crowned Pigeon,Columbiformes,Columbidae,Patagioenas,leucocephala
126,03130,Red-billed Pigeon,Columbiformes,Columbidae,Patagioenas,flavirostris
127,03120,Band-tailed Pigeon,Columbiformes,Columbidae,Patagioenas,fasciata
129,03152,African Collared-Dove (a.k.a. Ringed Turtle-Dove),Columbiformes,Columbidae,Streptopelia,roseogrisea
130,22860,Eurasian Collared-Dove,Columbiformes,Columbidae,Streptopelia,decaocto
131,03151,Spotted Dove,Columbiformes,Columbidae,Streptopelia,chinensis
132,03210,Inca Dove,Columbiformes,Columbidae,Columbina,inca
133,03200,Common Ground Dove,Columbiformes,Columbidae,Columbina,passerina
135,03201,Ruddy Ground Dove,Columbiformes,Columbidae,Columbina,talpacoti
140,03180,White-tipped Dove,Columbiformes,Columbidae,Leptotila,verreauxi
146,03190,White-winged Dove,Columbiformes,Columbidae,Zenaida,asiatica
148,03160,Mourning Dove,Columbiformes,Columbidae,Zenaida,macroura
150,03830,Smooth-billed Ani,Cuculiformes,Cuculidae,Crotophaga,ani
151,03840,Groove-billed Ani,Cuculiformes,Cuculidae,Crotophaga,sulcirostris
156,03850,Greater Roadrunner,Cuculiformes,Cuculidae,Geococcyx,californianus
158,03870,Yellow-billed Cuckoo,Cuculiformes,Cuculidae,Coccyzus,americanus
159,03860,Mangrove Cuckoo,Cuculiformes,Cuculidae,Coccyzus,minor
160,03880,Black-billed Cuckoo,Cuculiformes,Cuculidae,Coccyzus,erythropthalmus
163,04210,Lesser Nighthawk,Caprimulgiformes,Caprimulgidae,Chordeiles,acutipennis
164,04200,Common Nighthawk,Caprimulgiformes,Caprimulgidae,Chordeiles,minor
165,04201,Antillean Nighthawk,Caprimulgiformes,Caprimulgidae,Chordeiles,gundlachii
168,04190,Common Pauraque,Caprimulgiformes,Caprimulgidae,Nyctidromus,albicollis
169,04180,Common Poorwill,Caprimulgiformes,Caprimulgidae,Phalaenoptilus,nuttallii
172,04160,Chuck-will's-widow,Caprimulgiformes,Caprimulgidae,Antrostomus,carolinensis
176,04171,Eastern Whip-poor-will,Caprimulgiformes,Caprimulgidae,Antrostomus,vociferus
177,04172,Mexican Whip-poor-will,Caprimulgiformes,Caprimulgidae,Antrostomus,arizonae
181,04220,Black Swift,Apodiformes,Apodidae,Cypseloides,niger
186,04230,Chimney Swift,Apodiformes,Apodidae,Chaetura,pelagica
187,04240,Vaux's Swift,Apodiformes,Apodidae,Chaetura,vauxi
188,04250,White-throated Swift,Apodiformes,Apodidae,Aeronautes,saxatalis
201,04260,Rivoli's Hummingbird,Apodiformes,Trochilidae,Eugenes,fulgens
206,04270,Blue-throated Mountain-gem,Apodiformes,Trochilidae,Lampornis,clemenciae
211,04370,Lucifer Hummingbird,Apodiformes,Trochilidae,Calothorax,lucifer
213,04280,Ruby-throated Hummingbird,Apodiformes,Trochilidae,Archilochus,colubris
214,04290,Black-chinned Hummingbird,Apodiformes,Trochilidae,Archilochus,alexandri
217,04310,Anna's Hummingbird,Apodiformes,Trochilidae,Calypte,anna
218,04300,Costa's Hummingbird,Apodiformes,Trochilidae,Calypte,costae
219,04360,Calliope Hummingbird,Apodiformes,Trochilidae,Selasphorus,calliope
220,04330,Rufous Hummingbird,Apodiformes,Trochilidae,Selasphorus,rufus
221,04340,Allen's Hummingbird,Apodiformes,Trochilidae,Selasphorus,sasin
224,04320,Broad-tailed Hummingbird,Apodiformes,Trochilidae,Selasphorus,platycercus
228,04410,Broad-billed Hummingbird,Apodiformes,Trochilidae,Cynanthus,latirostris
245,04391,Violet-crowned Hummingbird,Apodiformes,Trochilidae,Ramosomyia,violiceps
251,04390,Buff-bellied Hummingbird,Apodiformes,Trochilidae,Amazilia,yucatanensis
260,02111,Ridgway's Rail,Gruiformes,Rallidae,Rallus,obsoletus
262,02080,King Rail,Gruiformes,Rallidae,Rallus,elegans
263,02110,Clapper Rail,Gruiformes,Rallidae,Rallus,crepitans
265,02120,Virginia Rail,Gruiformes,Rallidae,Rallus,limicola
266,02140,Sora,Gruiformes,Rallidae,Porzana,carolina
267,02190,Common Gallinule,Gruiformes,Rallidae,Gallinula,galeata
268,02210,American Coot,Gruiformes,Rallidae,Fulica,americana
269,02180,Purple Gallinule,Gruiformes,Rallidae,Porphyrio,martinicus
270,21930,Purple Swamphen,Gruiformes,Rallidae,Porphyrio,porphyrio
271,02150,Yellow Rail,Gruiformes,Rallidae,Coturnicops,noveboracensis
275,02160,Black Rail,Gruiformes,Rallidae,Laterallus,jamaicensis
277,02070,Limpkin,Gruiformes,Aramidae,Aramus,guarauna
278,02060,Sandhill Crane,Gruiformes,Gruidae,Antigone,canadensis
279,02040,Whooping Crane,Gruiformes,Gruidae,Grus,americana
281,02260,Black-necked Stilt,Charadriiformes,Recurvirostridae,Himantopus,mexicanus
282,02250,American Avocet,Charadriiformes,Recurvirostridae,Recurvirostra,americana
283,02860,American Oystercatcher,Charadriiformes,Haematopodidae,Haematopus,palliatus
284,02870,Black Oystercatcher,Charadriiformes,Haematopodidae,Haematopus,bachmani
285,02700,Black-bellied Plover,Charadriiformes,Charadriidae,Pluvialis,squatarola
287,02720,American Golden-Plover,Charadriiformes,Charadriidae,Pluvialis,dominica
288,02721,Pacific Golden-Plover,Charadriiformes,Charadriidae,Pluvialis,fulva
290,02730,Killdeer,Charadriiformes,Charadriidae,Charadrius,vociferus
291,02750,Common Ringed Plover,Charadriiformes,Charadriidae,Charadrius,hiaticula
292,02740,Semipalmated Plover,Charadriiformes,Charadriidae,Charadrius,semipalmatus
293,02770,Piping Plover,Charadriiformes,Charadriidae,Charadrius,melodus
296,02800,Wilson's Plover,Charadriiformes,Charadriidae,Anarhynchus,wilsonia
298,02810,Mountain Plover,Charadriiformes,Charadriidae,Anarhynchus,montanus
299,02780,Snowy Plover,Charadriiformes,Charadriidae,Anarhynchus,nivosus
301,02610,Upland Sandpiper,Charadriiformes,Scolopacidae,Bartramia,longicauda
302,02680,Bristle-thighed Curlew,Charadriiformes,Scolopacidae,Numenius,tahitiensis
303,02650,Whimbrel,Charadriiformes,Scolopacidae,Numenius,phaeopus
304,02640,Long-billed Curlew,Charadriiformes,Scolopacidae,Numenius,americanus
306,02500,Bar-tailed Godwit,Charadriiformes,Scolopacidae,Limosa,lapponica
308,02510,Hudsonian Godwit,Charadriiformes,Scolopacidae,Limosa,haemastica
309,02490,Marbled Godwit,Charadriiformes,Scolopacidae,Limosa,fedoa
310,02830,Ruddy Turnstone,Charadriiformes,Scolopacidae,Arenaria,interpres
311,02840,Black Turnstone,Charadriiformes,Scolopacidae,Arenaria,melanocephala
312,02340,Red Knot,Charadriiformes,Scolopacidae,Calidris,canutus
313,02820,Surfbird,Charadriiformes,Scolopacidae,Calidris,virgata
314,02600,Ruff,Charadriiformes,Scolopacidae,Calidris,pugnax
315,02380,Sharp-tailed Sandpiper,Charadriiformes,Scolopacidae,Calidris,acuminata
316,02330,Stilt Sandpiper,Charadriiformes,Scolopacidae,Calidris,himantopus
319,02422,Red-necked Stint,Charadriiformes,Scolopacidae,Calidris,ruficollis
320,02480,Sanderling,Charadriiformes,Scolopacidae,Calidris,alba
321,02430,Dunlin,Charadriiformes,Scolopacidae,Calidris,alpina
322,02356,Rock Sandpiper,Charadriiformes,Scolopacidae,Calidris,ptilocnemis
323,02350,Purple Sandpiper,Charadriiformes,Scolopacidae,Calidris,maritima
324,02410,Baird's Sandpiper,Charadriiformes,Scolopacidae,Calidris,bairdii
326,02420,Least Sandpiper,Charadriiformes,Scolopacidae,Calidris,minutilla
327,02400,White-rumped Sandpiper,Charadriiformes,Scolopacidae,Calidris,fuscicollis
328,02620,Buff-breasted Sandpiper,Charadriiformes,Scolopacidae,Calidris,subruficollis
329,02390,Pectoral Sandpiper,Charadriiformes,Scolopacidae,Calidris,melanotos
330,02460,Semipalmated Sandpiper,Charadriiformes,Scolopacidae,Calidris,pusilla
331,02470,Western Sandpiper,Charadriiformes,Scolopacidae,Calidris,mauri
333,02310,Short-billed Dowitcher,Charadriiformes,Scolopacidae,Limnodromus,griseus
334,02320,Long-billed Dowitcher,Charadriiformes,Scolopacidae,Limnodromus,scolopaceus
336,02280,American Woodcock,Charadriiformes,Scolopacidae,Scolopax,minor
338,02300,Wilson's Snipe,Charadriiformes,Scolopacidae,Gallinago,delicata
340,02631,Common Sandpiper,Charadriiformes,Scolopacidae,Actitis,hypoleucos
341,02630,Spotted Sandpiper,Charadriiformes,Scolopacidae,Actitis,macularius
342,02560,Solitary Sandpiper,Charadriiformes,Scolopacidae,Tringa,solitaria
344,02590,Wandering Tattler,Charadriiformes,Scolopacidae,Tringa,incana
345,02550,Lesser Yellowlegs,Charadriiformes,Scolopacidae,Tringa,flavipes
346,02580,Willet,Charadriiformes,Scolopacidae,Tringa,semipalmata
348,02530,Common Greenshank,Charadriiformes,Scolopacidae,Tringa,nebularia
349,02540,Greater Yellowlegs,Charadriiformes,Scolopacidae,Tringa,melanoleuca
352,02240,Wilson's Phalarope,Charadriiformes,Scolopacidae,Phalaropus,tricolor
353,02230,Red-necked Phalarope,Charadriiformes,Scolopacidae,Phalaropus,lobatus
354,02220,Red Phalarope,Charadriiformes,Scolopacidae,Phalaropus,fulicarius
357,00360,Pomarine Jaeger,Charadriiformes,Stercorariidae,Stercorarius,pomarinus
358,00370,Parasitic Jaeger,Charadriiformes,Stercorariidae,Stercorarius,parasiticus
359,00380,Long-tailed Jaeger,Charadriiformes,Stercorariidae,Stercorarius,longicaudus
361,00300,Common Murre,Charadriiformes,Alcidae,Uria,aalge
362,00310,Thick-billed Murre,Charadriiformes,Alcidae,Uria,lomvia
364,00320,Razorbill,Charadriiformes,Alcidae,Alca,torda
365,00270,Black Guillemot,Charadriiformes,Alcidae,Cepphus,grylle
366,00290,Pigeon Guillemot,Charadriiformes,Alcidae,Cepphus,columba
367,00230,Marbled Murrelet,Charadriiformes,Alcidae,Brachyramphus,marmoratus
368,00240,Kittlitz's Murrelet,Charadriiformes,Alcidae,Brachyramphus,brevirostris
372,00210,Ancient Murrelet,Charadriiformes,Alcidae,Synthliboramphus,antiquus
373,00160,Cassin's Auklet,Charadriiformes,Alcidae,Ptychoramphus,aleuticus
378,00150,Rhinoceros Auklet,Charadriiformes,Alcidae,Cerorhinca,monocerata
379,00130,Atlantic Puffin,Charadriiformes,Alcidae,Fratercula,arctica
380,00140,Horned Puffin,Charadriiformes,Alcidae,Fratercula,corniculata
381,00120,Tufted Puffin,Charadriiformes,Alcidae,Fratercula,cirrhata
382,00400,Black-legged Kittiwake,Charadriiformes,Laridae,Rissa,tridactyla
384,00390,Ivory Gull,Charadriiformes,Laridae,Pagophila,eburnea
385,00620,Sabine's Gull,Charadriiformes,Laridae,Xema,sabini
386,00600,Bonaparte's Gull,Charadriiformes,Laridae,Chroicocephalus,philadelphia
387,00551,Black-headed Gull,Charadriiformes,Laridae,Chroicocephalus,ridibundus
388,00601,Little Gull,Charadriiformes,Laridae,Hydrocoloeus,minutus
389,00610,Ross's Gull,Charadriiformes,Laridae,Rhodostethia,rosea
390,00580,Laughing Gull,Charadriiformes,Laridae,Leucophaeus,atricilla
391,00590,Franklin's Gull,Charadriiformes,Laridae,Leucophaeus,pipixcan
392,00570,Heermann's Gull,Charadriiformes,Laridae,Larus,heermanni
393,00550,Short-billed Gull,Charadriiformes,Laridae,Larus,brachyrhynchus
394,00540,Ring-billed Gull,Charadriiformes,Laridae,Larus,delawarensis
395,00490,Western Gull,Charadriiformes,Laridae,Larus,occidentalis
397,00530,California Gull,Charadriiformes,Laridae,Larus,californicus
398,00510,Herring Gull,Charadriiformes,Laridae,Larus,argentatus
399,00430,Iceland Gull,Charadriiformes,Laridae,Larus,glaucoides
400,00500,Lesser Black-backed Gull,Charadriiformes,Laridae,Larus,fuscus
401,00480,Slaty-backed Gull,Charadriiformes,Laridae,Larus,schistisagus
402,00440,Glaucous-winged Gull,Charadriiformes,Laridae,Larus,glaucescens
404,00420,Glaucous Gull,Charadriiformes,Laridae,Larus,hyperboreus
405,00470,Great Black-backed Gull,Charadriiformes,Laridae,Larus,marinus
413,00730,Aleutian Tern,Charadriiformes,Laridae,Onychoprion,aleuticus
414,00740,Least Tern,Charadriiformes,Laridae,Sternula,antillarum
415,00630,Gull-billed Tern,Charadriiformes,Laridae,Gelochelidon,nilotica
416,00640,Caspian Tern,Charadriiformes,Laridae,Hydroprogne,caspia
417,00770,Black Tern,Charadriiformes,Laridae,Chlidonias,niger
418,00720,Roseate Tern,Charadriiformes,Laridae,Sterna,dougallii
419,00700,Common Tern,Charadriiformes,Laridae,Sterna,hirundo
420,00710,Arctic Tern,Charadriiformes,Laridae,Sterna,paradisaea
421,00690,Forster's Tern,Charadriiformes,Laridae,Sterna,forsteri
422,00650,Royal Tern,Charadriiformes,Laridae,Thalasseus,maximus
423,00670,Sandwich Tern,Charadriiformes,Laridae,Thalasseus,sandvicensis
424,00660,Elegant Tern,Charadriiformes,Laridae,Thalasseus,elegans
426,00800,Black Skimmer,Charadriiformes,Laridae,Rynchops,niger
429,01130,Red-billed Tropicbird,Phaethontiformes,Phaethontidae,Phaethon,aethereus
431,00110,Red-throated Loon,Gaviiformes,Gaviidae,Gavia,stellata
432,00090,Arctic Loon,Gaviiformes,Gaviidae,Gavia,arctica
433,00100,Pacific Loon,Gaviiformes,Gaviidae,Gavia,pacifica
434,00070,Common Loon,Gaviiformes,Gaviidae,Gavia,immer
435,00080,Yellow-billed Loon,Gaviiformes,Gaviidae,Gavia,adamsii
443,01060,Leach's Storm-Petrel,Procellariiformes,Hydrobatidae,Hydrobates,leucorhous
452,00860,Northern Fulmar,Procellariiformes,Procellariidae,Fulmarus,glacialis
466,00880,Cory's Shearwater,Procellariiformes,Procellariidae,Calonectris,borealis
477,00900,Manx Shearwater,Procellariiformes,Procellariidae,Puffinus,puffinus
483,01880,Wood Stork,Ciconiiformes,Ciconiidae,Mycteria,americana
484,01280,Magnificent Frigatebird,Suliformes,Fregatidae,Fregata,magnificens
486,01140,Masked Booby,Suliformes,Sulidae,Sula,dactylatra
488,01141,Blue-footed Booby,Suliformes,Sulidae,Sula,nebouxii
489,01150,Brown Booby,Suliformes,Sulidae,Sula,leucogaster
492,01170,Northern Gannet,Suliformes,Sulidae,Morus,bassanus
493,01180,Anhinga,Suliformes,Anhingidae,Anhinga,anhinga
494,01220,Brandt's Cormorant,Suliformes,Phalacrocoracidae,Urile,penicillatus
496,01230,Pelagic Cormorant,Suliformes,Phalacrocoracidae,Urile,pelagicus
498,01190,Great Cormorant,Suliformes,Phalacrocoracidae,Phalacrocorax,carbo
499,01200,Double-crested Cormorant,Suliformes,Phalacrocoracidae,Nannopterum,auritum
501,01210,Neotropic Cormorant,Suliformes,Phalacrocoracidae,Nannopterum,brasilianum
503,01250,American White Pelican,Pelecaniformes,Pelecanidae,Pelecanus,erythrorhynchos
504,01260,Brown Pelican,Pelecaniformes,Pelecanidae,Pelecanus,occidentalis
509,01910,Least Bittern,Pelecaniformes,Ardeidae,Botaurus,exilis
510,01900,American Bittern,Pelecaniformes,Ardeidae,Botaurus,lentiginosus
512,02000,Little Blue Heron,Pelecaniformes,Ardeidae,Egretta,caerulea
513,01990,Tricolored Heron,Pelecaniformes,Ardeidae,Egretta,tricolor
514,01980,Reddish Egret,Pelecaniformes,Ardeidae,Egretta,rufescens
515,01970,Snowy Egret,Pelecaniformes,Ardeidae,Egretta,thula
516,01961,Little Egret,Pelecaniformes,Ardeidae,Egretta,garzetta
517,02030,Yellow-crowned Night Heron,Pelecaniformes,Ardeidae,Nyctanassa,violacea
518,02020,Black-crowned Night Heron,Pelecaniformes,Ardeidae,Nycticorax,nycticorax
520,02010,Green Heron,Pelecaniformes,Ardeidae,Butorides,virescens
521,01960,Great Egret,Pelecaniformes,Ardeidae,Ardea,alba
522,02001,Western Cattle-Egret,Pelecaniformes,Ardeidae,Ardea,ibis
523,01940,Great Blue Heron,Pelecaniformes,Ardeidae,Ardea,herodias
525,01840,White Ibis,Pelecaniformes,Threskiornithidae,Eudocimus,albus
526,01860,Glossy Ibis,Pelecaniformes,Threskiornithidae,Plegadis,falcinellus
527,01870,White-faced Ibis,Pelecaniformes,Threskiornithidae,Plegadis,chihi
529,01830,Roseate Spoonbill,Pelecaniformes,Threskiornithidae,Platalea,ajaja
530,03240,California Condor,Cathartiformes,Cathartidae,Gymnogyps,californianus
532,03260,Black Vulture,Cathartiformes,Cathartidae,Coragyps,atratus
533,03250,Turkey Vulture,Cathartiformes,Cathartidae,Cathartes,aura
536,03640,Osprey,Accipitriformes,Pandionidae,Pandion,haliaetus
537,03280,White-tailed Kite,Accipitriformes,Accipitridae,Elanus,leucurus
538,03271,Hook-billed Kite,Accipitriformes,Accipitridae,Chondrohierax,uncinatus
540,03270,Swallow-tailed Kite,Accipitriformes,Accipitridae,Elanoides,forficatus
543,03490,Golden Eagle,Accipitriformes,Accipitridae,Aquila,chrysaetos
548,03310,Northern Harrier,Accipitriformes,Accipitridae,Circus,hudsonius
549,03320,Sharp-shinned Hawk,Accipitriformes,Accipitridae,Accipiter,striatus
550,03330,Cooper's Hawk,Accipitriformes,Accipitridae,Accipiter,cooperii
552,03340,American Goshawk,Accipitriformes,Accipitridae,Accipiter,atricapillus
554,03520,Bald Eagle,Accipitriformes,Accipitridae,Haliaeetus,leucocephalus
556,03290,Mississippi Kite,Accipitriformes,Accipitridae,Ictinia,mississippiensis
560,03300,Snail Kite,Accipitriformes,Accipitridae,Rostrhamus,sociabilis
561,03450,Common Black Hawk,Accipitriformes,Accipitridae,Buteogallus,anthracinus
565,03350,Harris's Hawk,Accipitriformes,Accipitridae,Parabuteo,unicinctus
566,03410,White-tailed Hawk,Accipitriformes,Accipitridae,Geranoaetus,albicaudatus
568,03460,Gray Hawk,Accipitriformes,Accipitridae,Buteo,plagiatus
569,03390,Red-shouldered Hawk,Accipitriformes,Accipitridae,Buteo,lineatus
570,03430,Broad-winged Hawk,Accipitriformes,Accipitridae,Buteo,platypterus
571,03440,Short-tailed Hawk,Accipitriformes,Accipitridae,Buteo,brachyurus
572,03420,Swainson's Hawk,Accipitriformes,Accipitridae,Buteo,swainsoni
573,03400,Zone-tailed Hawk,Accipitriformes,Accipitridae,Buteo,albonotatus
574,03370,Red-tailed Hawk,Accipitriformes,Accipitridae,Buteo,jamaicensis
576,03470,Rough-legged Hawk,Accipitriformes,Accipitridae,Buteo,lagopus
577,03480,Ferruginous Hawk,Accipitriformes,Accipitridae,Buteo,regalis
579,03650,American Barn Owl,Strigiformes,Tytonidae,Tyto,furcata
580,03740,Flammulated Owl,Strigiformes,Strigidae,Psiloscops,flammeolus
581,03731,Whiskered Screech-Owl,Strigiformes,Strigidae,Megascops,trichopsis
584,03732,Western Screech-Owl,Strigiformes,Strigidae,Megascops,kennicottii
585,03730,Eastern Screech-Owl,Strigiformes,Strigidae,Megascops,asio
590,03750,Great Horned Owl,Strigiformes,Strigidae,Bubo,virginianus
591,03760,Snowy Owl,Strigiformes,Strigidae,Bubo,scandiacus
592,03770,Northern Hawk Owl,Strigiformes,Strigidae,Surnia,ulula
593,03790,Northern Pygmy-Owl,Strigiformes,Strigidae,Glaucidium,gnoma
597,03800,Ferruginous Pygmy-Owl,Strigiformes,Strigidae,Glaucidium,brasilianum
598,03810,Elf Owl,Strigiformes,Strigidae,Micrathene,whitneyi
599,03780,Burrowing Owl,Strigiformes,Strigidae,Athene,cunicularia
600,03690,Spotted Owl,Strigiformes,Strigidae,Strix,occidentalis
601,03680,Barred Owl,Strigiformes,Strigidae,Strix,varia
606,03700,Great Gray Owl,Strigiformes,Strigidae,Strix,nebulosa
607,03660,Long-eared Owl,Strigiformes,Strigidae,Asio,otus
609,03670,Short-eared Owl,Strigiformes,Strigidae,Asio,flammeus
611,03710,Boreal Owl,Strigiformes,Strigidae,Aegolius,funereus
612,03720,Northern Saw-whet Owl,Strigiformes,Strigidae,Aegolius,acadicus
618,03890,Elegant Trogon,Trogoniformes,Trogonidae,Trogon,elegans
630,03901,Ringed Kingfisher,Coraciiformes,Alcedinidae,Megaceryle,torquata
631,03900,Belted Kingfisher,Coraciiformes,Alcedinidae,Megaceryle,alcyon
634,03910,Green Kingfisher,Coraciiformes,Alcedinidae,Chloroceryle,americana
641,04080,Lewis's Woodpecker,Piciformes,Picidae,Melanerpes,lewis
642,04060,Red-headed Woodpecker,Piciformes,Picidae,Melanerpes,erythrocephalus
643,04070,Acorn Woodpecker,Piciformes,Picidae,Melanerpes,formicivorus
648,04110,Gila Woodpecker,Piciformes,Picidae,Melanerpes,uropygialis
649,04100,Golden-fronted Woodpecker,Piciformes,Picidae,Melanerpes,aurifrons
650,04090,Red-bellied Woodpecker,Piciformes,Picidae,Melanerpes,carolinus
651,04040,Williamson's Sapsucker,Piciformes,Picidae,Sphyrapicus,thyroideus
652,04020,Yellow-bellied Sapsucker,Piciformes,Picidae,Sphyrapicus,varius
653,04021,Red-naped Sapsucker,Piciformes,Picidae,Sphyrapicus,nuchalis
654,04030,Red-breasted Sapsucker,Piciformes,Picidae,Sphyrapicus,ruber
656,04010,American Three-toed Woodpecker,Piciformes,Picidae,Picoides,dorsalis
657,04000,Black-backed Woodpecker,Piciformes,Picidae,Picoides,arcticus
658,03940,Downy Woodpecker,Piciformes,Picidae,Dryobates,pubescens
659,03970,Nuttall's Woodpecker,Piciformes,Picidae,Dryobates,nuttallii
660,03960,Ladder-backed Woodpecker,Piciformes,Picidae,Dryobates,scalaris
661,03950,Red-cockaded Woodpecker,Piciformes,Picidae,Dryobates,borealis
662,03930,Hairy Woodpecker,Piciformes,Picidae,Dryobates,villosus
663,03990,White-headed Woodpecker,Piciformes,Picidae,Dryobates,albolarvatus
665,03975,Arizona Woodpecker,Piciformes,Picidae,Dryobates,arizonae
669,04123,Northern Flicker,Piciformes,Picidae,Colaptes,auratus
673,04140,Gilded Flicker,Piciformes,Picidae,Colaptes,chrysoides
676,04050,Pileated Woodpecker,Piciformes,Picidae,Dryocopus,pileatus
683,03620,Crested Caracara,Falconiformes,Falconidae,Caracara,plancus
684,03600,American Kestrel,Falconiformes,Falconidae,Falco,sparverius
685,03570,Merlin,Falconiformes,Falconidae,Falco,columbarius
686,03590,Aplomado Falcon,Falconiformes,Falconidae,Falco,femoralis
689,03540,Gyrfalcon,Falconiformes,Falconidae,Falco,rusticolus
690,03560,Peregrine Falcon,Falconiformes,Falconidae,Falco,peregrinus
691,03550,Prairie Falcon,Falconiformes,Falconidae,Falco,mexicanus
692,03824,Monk Parakeet,Psittaciformes,Psittacidae,Myiopsitta,monachus
695,51830,Nanday Parakeet,Psittaciformes,Psittacidae,Aratinga,nenday
707,52021,Yellow-chevroned Parakeet,Psittaciformes,Psittacidae,Brotogeris,chiriri
713,03826,Red-crowned Parrot,Psittaciformes,Psittacidae,Amazona,viridigenalis
719,03823,Rose-ringed Parakeet,Psittaciformes,Psittaculidae,Psittacula,krameri
734,04411,Rose-throated Becard,Passeriformes,Tityridae,Pachyramphus,aglaiae
747,04720,Northern Beardless-Tyrannulet,Passeriformes,Tyrannidae,Camptostoma,imberbe
756,04550,Dusky-capped Flycatcher,Passeriformes,Tyrannidae,Myiarchus,tuberculifer
757,04540,Ash-throated Flycatcher,Passeriformes,Tyrannidae,Myiarchus,cinerascens
759,04520,Great Crested Flycatcher,Passeriformes,Tyrannidae,Myiarchus,crinitus
760,04530,Brown-crested Flycatcher,Passeriformes,Tyrannidae,Myiarchus,tyrannulus
763,04490,Great Kiskadee,Passeriformes,Tyrannidae,Pitangus,sulphuratus
767,04510,Sulphur-bellied Flycatcher,Passeriformes,Tyrannidae,Myiodynastes,luteiventris
769,04460,Tropical Kingbird,Passeriformes,Tyrannidae,Tyrannus,melancholicus
770,04461,Couch's Kingbird,Passeriformes,Tyrannidae,Tyrannus,couchii
772,04480,Cassin's Kingbird,Passeriformes,Tyrannidae,Tyrannus,vociferans
773,04451,Thick-billed Kingbird,Passeriformes,Tyrannidae,Tyrannus,crassirostris
774,04470,Western Kingbird,Passeriformes,Tyrannidae,Tyrannus,verticalis
776,04440,Eastern Kingbird,Passeriformes,Tyrannidae,Tyrannus,tyrannus
777,04450,Gray Kingbird,Passeriformes,Tyrannidae,Tyrannus,dominicensis
779,04430,Scissor-tailed Flycatcher,Passeriformes,Tyrannidae,Tyrannus,forficatus
780,04420,Fork-tailed Flycatcher,Passeriformes,Tyrannidae,Tyrannus,savana
784,04590,Olive-sided Flycatcher,Passeriformes,Tyrannidae,Contopus,cooperi
785,04600,Greater Pewee,Passeriformes,Tyrannidae,Contopus,pertinax
786,04620,Western Wood-Pewee,Passeriformes,Tyrannidae,Contopus,sordidulus
787,04610,Eastern Wood-Pewee,Passeriformes,Tyrannidae,Contopus,virens
790,04630,Yellow-bellied Flycatcher,Passeriformes,Tyrannidae,Empidonax,flaviventris
791,04650,Acadian Flycatcher,Passeriformes,Tyrannidae,Empidonax,virescens
792,04661,Alder Flycatcher,Passeriformes,Tyrannidae,Empidonax,alnorum
793,04660,Willow Flycatcher,Passeriformes,Tyrannidae,Empidonax,traillii
796,04670,Least Flycatcher,Passeriformes,Tyrannidae,Empidonax,minimus
797,04680,Hammond's Flycatcher,Passeriformes,Tyrannidae,Empidonax,hammondii
798,04691,Gray Flycatcher,Passeriformes,Tyrannidae,Empidonax,wrightii
799,04690,Dusky Flycatcher,Passeriformes,Tyrannidae,Empidonax,oberholseri
804,04642,Western Flycatcher,Passeriformes,Tyrannidae,Empidonax,difficilis
806,04700,Buff-breasted Flycatcher,Passeriformes,Tyrannidae,Empidonax,fulvifrons
808,04580,Black Phoebe,Passeriformes,Tyrannidae,Sayornis,nigricans
809,04560,Eastern Phoebe,Passeriformes,Tyrannidae,Sayornis,phoebe
810,04570,Say's Phoebe,Passeriformes,Tyrannidae,Sayornis,saya
811,04710,Vermilion Flycatcher,Passeriformes,Tyrannidae,Pyrocephalus,rubinus
850,06300,Black-capped Vireo,Passeriformes,Vireonidae,Vireo,atricapilla
852,06310,White-eyed Vireo,Passeriformes,Vireonidae,Vireo,griseus
857,06330,Bell's Vireo,Passeriformes,Vireonidae,Vireo,bellii
858,06340,Gray Vireo,Passeriformes,Vireonidae,Vireo,vicinior
859,06320,Hutton's Vireo,Passeriformes,Vireonidae,Vireo,huttoni
860,06280,Yellow-throated Vireo,Passeriformes,Vireonidae,Vireo,flavifrons
861,06291,Cassin's Vireo,Passeriformes,Vireonidae,Vireo,cassinii
862,06290,Blue-headed Vireo,Passeriformes,Vireonidae,Vireo,solitarius
864,06292,Plumbeous Vireo,Passeriformes,Vireonidae,Vireo,plumbeus
866,06260,Philadelphia Vireo,Passeriformes,Vireonidae,Vireo,philadelphicus
867,06270,Warbling Vireo,Passeriformes,Vireonidae,Vireo,gilvus
869,06240,Red-eyed Vireo,Passeriformes,Vireonidae,Vireo,olivaceus
871,06230,Black-whiskered Vireo,Passeriformes,Vireonidae,Vireo,altiloquus
873,06220,Loggerhead Shrike,Passeriformes,Laniidae,Lanius,ludovicianus
874,06210,Northern Shrike,Passeriformes,Laniidae,Lanius,borealis
875,04840,Canada Jay,Passeriformes,Corvidae,Perisoreus,canadensis
883,04830,Green Jay,Passeriformes,Corvidae,Cyanocorax,yncas
888,04920,Pinyon Jay,Passeriformes,Corvidae,Gymnorhinus,cyanocephalus
889,04780,Steller's Jay,Passeriformes,Corvidae,Cyanocitta,stelleri
890,04770,Blue Jay,Passeriformes,Corvidae,Cyanocitta,cristata
891,04790,Florida Scrub-Jay,Passeriformes,Corvidae,Aphelocoma,coerulescens
892,04811,Island Scrub-Jay,Passeriformes,Corvidae,Aphelocoma,insularis
893,04812,California Scrub-Jay,Passeriformes,Corvidae,Aphelocoma,californica
894,04813,Woodhouse's Scrub-Jay,Passeriformes,Corvidae,Aphelocoma,woodhouseii
897,04820,Mexican Jay,Passeriformes,Corvidae,Aphelocoma,wollweberi
899,04910,Clark's Nutcracker,Passeriformes,Corvidae,Nucifraga,columbiana
900,04750,Black-billed Magpie,Passeriformes,Corvidae,Pica,hudsonia
901,04760,Yellow-billed Magpie,Passeriformes,Corvidae,Pica,nuttalli
902,04880,American Crow,Passeriformes,Corvidae,Corvus,brachyrhynchos
905,04900,Fish Crow,Passeriformes,Corvidae,Corvus,ossifragus
907,04870,Chihuahuan Raven,Passeriformes,Corvidae,Corvus,cryptoleucus
908,04860,Common Raven,Passeriformes,Corvidae,Corvus,corax
910,07460,Verdin,Passeriformes,Remizidae,Auriparus,flaviceps
911,07360,Carolina Chickadee,Passeriformes,Paridae,Poecile,carolinensis
912,07350,Black-capped Chickadee,Passeriformes,Paridae,Poecile,atricapillus
913,07380,Mountain Chickadee,Passeriformes,Paridae,Poecile,gambeli
914,07370,Mexican Chickadee,Passeriformes,Paridae,Poecile,sclateri
915,07410,Chestnut-backed Chickadee,Passeriformes,Paridae,Poecile,rufescens
916,07400,Boreal Chickadee,Passeriformes,Paridae,Poecile,hudsonicus
922,07340,Bridled Titmouse,Passeriformes,Paridae,Baeolophus,wollweberi
923,07330,Oak Titmouse,Passeriformes,Paridae,Baeolophus,inornatus
924,07331,Juniper Titmouse,Passeriformes,Paridae,Baeolophus,ridgwayi
926,07310,Tufted Titmouse,Passeriformes,Paridae,Baeolophus,bicolor
927,07320,Black-crested Titmouse,Passeriformes,Paridae,Baeolophus,atricristatus
929,04730,Eurasian Skylark,Passeriformes,Alaudidae,Alauda,arvensis
930,04740,Horned Lark,Passeriformes,Alaudidae,Eremophila,alpestris
931,06160,Bank Swallow,Passeriformes,Hirundinidae,Riparia,riparia
932,06140,Tree Swallow,Passeriformes,Hirundinidae,Tachycineta,bicolor
934,06150,Violet-green Swallow,Passeriformes,Hirundinidae,Tachycineta,thalassina
938,06170,Northern Rough-winged Swallow,Passeriformes,Hirundinidae,Stelgidopteryx,serripennis
940,06110,Purple Martin,Passeriformes,Hirundinidae,Progne,subis
945,06130,Barn Swallow,Passeriformes,Hirundinidae,Hirundo,rustica
946,06120,Cliff Swallow,Passeriformes,Hirundinidae,Petrochelidon,pyrrhonota
947,06121,Cave Swallow,Passeriformes,Hirundinidae,Petrochelidon,fulva
949,07430,Bushtit,Passeriformes,Aegithalidae,Psaltriparus,minimus
950,07470,Arctic Warbler,Passeriformes,Phylloscopidae,Phylloscopus,borealis
953,07420,Wrentit,Passeriformes,Sylviidae,Chamaea,fasciata
955,07490,Ruby-crowned Kinglet,Passeriformes,Regulidae,Corthylio,calendula
956,07480,Golden-crowned Kinglet,Passeriformes,Regulidae,Regulus,satrapa
957,06180,Bohemian Waxwing,Passeriformes,Bombycillidae,Bombycilla,garrulus
958,06190,Cedar Waxwing,Passeriformes,Bombycillidae,Bombycilla,cedrorum
961,06200,Phainopepla,Passeriformes,Ptiliogonatidae,Phainopepla,nitens
962,07280,Red-breasted Nuthatch,Passeriformes,Sittidae,Sitta,canadensis
963,07270,White-breasted Nuthatch,Passeriformes,Sittidae,Sitta,carolinensis
964,07300,Pygmy Nuthatch,Passeriformes,Sittidae,Sitta,pygmaea
965,07290,Brown-headed Nuthatch,Passeriformes,Sittidae,Sitta,pusilla
966,07260,Brown Creeper,Passeriformes,Certhiidae,Certhia,americana
969,07510,Blue-gray Gnatcatcher,Passeriformes,Polioptilidae,Polioptila,caerulea
970,07520,Black-tailed Gnatcatcher,Passeriformes,Polioptilidae,Polioptila,melanura
972,07530,California Gnatcatcher,Passeriformes,Polioptilidae,Polioptila,californica
975,07150,Rock Wren,Passeriformes,Troglodytidae,Salpinctes,obsoletus
977,07170,Canyon Wren,Passeriformes,Troglodytidae,Catherpes,mexicanus
987,16600,Sinaloa Wren,Passeriformes,Troglodytidae,Thryophilus,sinaloa
996,07130,Cactus Wren,Passeriformes,Troglodytidae,Campylorhynchus,brunneicapillus
997,07190,Bewick's Wren,Passeriformes,Troglodytidae,Thryomanes,bewickii
998,07180,Carolina Wren,Passeriformes,Troglodytidae,Thryothorus,ludovicianus
999,07210,Northern House Wren,Passeriformes,Troglodytidae,Troglodytes,aedon
1003,07221,Pacific Wren,Passeriformes,Troglodytidae,Troglodytes,pacificus
1004,07222,Winter Wren,Passeriformes,Troglodytidae,Troglodytes,hiemalis
1006,07240,Sedge Wren,Passeriformes,Troglodytidae,Cistothorus,stellaris
1008,07250,Marsh Wren,Passeriformes,Troglodytidae,Cistothorus,palustris
1012,07040,Gray Catbird,Passeriformes,Mimidae,Dumetella,carolinensis
1013,07070,Curve-billed Thrasher,Passeriformes,Mimidae,Toxostoma,curvirostre
1015,07050,Brown Thrasher,Passeriformes,Mimidae,Toxostoma,rufum
1016,07060,Long-billed Thrasher,Passeriformes,Mimidae,Toxostoma,longirostre
1018,07080,Bendire's Thrasher,Passeriformes,Mimidae,Toxostoma,bendirei
1020,07100,California Thrasher,Passeriformes,Mimidae,Toxostoma,redivivum
1021,07110,LeConte's Thrasher,Passeriformes,Mimidae,Toxostoma,lecontei
1022,07120,Crissal Thrasher,Passeriformes,Mimidae,Toxostoma,crissale
1023,07020,Sage Thrasher,Passeriformes,Mimidae,Oreoscoptes,montanus
1024,07031,Bahama Mockingbird,Passeriformes,Mimidae,Mimus,gundlachii
1027,07030,Northern Mockingbird,Passeriformes,Mimidae,Mimus,polyglottos
1028,04930,European Starling,Passeriformes,Sturnidae,Sturnus,vulgaris
1029,04932,Common Myna,Passeriformes,Sturnidae,Acridotheres,tristis
1030,07010,American Dipper,Passeriformes,Cinclidae,Cinclus,mexicanus
1031,07660,Eastern Bluebird,Passeriformes,Turdidae,Sialia,sialis
1032,07670,Western Bluebird,Passeriformes,Turdidae,Sialia,mexicana
1033,07680,Mountain Bluebird,Passeriformes,Turdidae,Sialia,currucoides
1034,07540,Townsend's Solitaire,Passeriformes,Turdidae,Myadestes,townsendi
1042,07560,Veery,Passeriformes,Turdidae,Catharus,fuscescens
1043,07570,Gray-cheeked Thrush,Passeriformes,Turdidae,Catharus,minimus
1044,07571,Bicknell's Thrush,Passeriformes,Turdidae,Catharus,bicknelli
1045,07580,Swainson's Thrush,Passeriformes,Turdidae,Catharus,ustulatus
1046,07590,Hermit Thrush,Passeriformes,Turdidae,Catharus,guttatus
1047,07550,Wood Thrush,Passeriformes,Turdidae,Hylocichla,mustelina
1049,07614,Dusky Thrush,Passeriformes,Turdidae,Turdus,eunomus
1054,07621,Clay-colored Thrush,Passeriformes,Turdidae,Turdus,grayi
1058,07610,American Robin,Passeriformes,Turdidae,Turdus,migratorius
1060,07630,Varied Thrush,Passeriformes,Turdidae,Ixoreus,naevius
1062,07640,Bluethroat,Passeriformes,Muscicapidae,Cyanecula,svecica
1063,07650,Northern Wheatear,Passeriformes,Muscicapidae,Oenanthe,oenanthe
1064,06510,Olive Warbler,Passeriformes,Peucedramidae,Peucedramus,taeniatus
1065,19500,Northern Red Bishop,Passeriformes,Ploceidae,Euplectes,franciscanus
1066,19510,Pin-tailed Whydah,Passeriformes,Viduidae,Vidua,macroura
1067,08110,Scaly-breasted Munia,Passeriformes,Estrildidae,Lonchura,punctulata
1070,06882,House Sparrow,Passeriformes,Passeridae,Passer,domesticus
1071,06883,Eurasian Tree Sparrow,Passeriformes,Passeridae,Passer,montanus
1072,06960,Eastern Yellow Wagtail,Passeriformes,Motacillidae,Motacilla,tschutschensis
1073,06940,White Wagtail,Passeriformes,Motacillidae,Motacilla,alba
1074,06990,Red-throated Pipit,Passeriformes,Motacillidae,Anthus,cervinus
1075,06970,American Pipit,Passeriformes,Motacillidae,Anthus,rubescens
1076,07000,Sprague's Pipit,Passeriformes,Motacillidae,Anthus,spragueii
1086,05140,Evening Grosbeak,Passeriformes,Fringillidae,Coccothraustes,vespertinus
1088,05150,Pine Grosbeak,Passeriformes,Fringillidae,Pinicola,enucleator
1089,05240,Gray-crowned Rosy-Finch,Passeriformes,Fringillidae,Leucosticte,tephrocotis
1090,05250,Black Rosy-Finch,Passeriformes,Fringillidae,Leucosticte,atrata
1091,05260,Brown-capped Rosy-Finch,Passeriformes,Fringillidae,Leucosticte,australis
1092,05190,House Finch,Passeriformes,Fringillidae,Haemorhous,mexicanus
1093,05170,Purple Finch,Passeriformes,Fringillidae,Haemorhous,purpureus
1094,05180,Cassin's Finch,Passeriformes,Fringillidae,Haemorhous,cassinii
1099,05275,Redpoll,Passeriformes,Fringillidae,Acanthis,flammea
1100,05210,Red Crossbill,Passeriformes,Fringillidae,Loxia,curvirostra
1103,05220,White-winged Crossbill,Passeriformes,Fringillidae,Loxia,leucoptera
1105,05261,European Goldfinch,Passeriformes,Fringillidae,Carduelis,carduelis
1106,05330,Pine Siskin,Passeriformes,Fringillidae,Spinus,pinus
1109,05300,Lesser Goldfinch,Passeriformes,Fringillidae,Spinus,psaltria
1110,05310,Lawrence's Goldfinch,Passeriformes,Fringillidae,Spinus,lawrencei
1111,05290,American Goldfinch,Passeriformes,Fringillidae,Spinus,tristis
1113,05360,Lapland Longspur,Passeriformes,Calcariidae,Calcarius,lapponicus
1114,05380,Chestnut-collared Longspur,Passeriformes,Calcariidae,Calcarius,ornatus
1115,05370,Smith's Longspur,Passeriformes,Calcariidae,Calcarius,pictus
1116,05390,Thick-billed Longspur,Passeriformes,Calcariidae,Rhynchophanes,mccownii
1117,05340,Snow Bunting,Passeriformes,Calcariidae,Plectrophenax,nivalis
1120,05790,Rufous-winged Sparrow,Passeriformes,Passerellidae,Peucaea,carpalis
1125,05760,Botteri's Sparrow,Passeriformes,Passerellidae,Peucaea,botterii
1126,05780,Cassin's Sparrow,Passeriformes,Passerellidae,Peucaea,cassinii
1127,05750,Bachman's Sparrow,Passeriformes,Passerellidae,Peucaea,aestivalis
1128,05460,Grasshopper Sparrow,Passeriformes,Passerellidae,Ammodramus,savannarum
1129,05860,Olive Sparrow,Passeriformes,Passerellidae,Arremonops,rufivirgatus
1132,05730,Black-throated Sparrow,Passeriformes,Passerellidae,Amphispiza,bilineata
1133,05520,Lark Sparrow,Passeriformes,Passerellidae,Chondestes,grammacus
1134,06050,Lark Bunting,Passeriformes,Passerellidae,Calamospiza,melanocorys
1135,05600,Chipping Sparrow,Passeriformes,Passerellidae,Spizella,passerina
1136,05610,Clay-colored Sparrow,Passeriformes,Passerellidae,Spizella,pallida
1137,05650,Black-chinned Sparrow,Passeriformes,Passerellidae,Spizella,atrogularis
1138,05630,Field Sparrow,Passeriformes,Passerellidae,Spizella,pusilla
1139,05620,Brewer's Sparrow,Passeriformes,Passerellidae,Spizella,breweri
1144,05850,Fox Sparrow,Passeriformes,Passerellidae,Passerella,iliaca
1145,05590,American Tree Sparrow,Passeriformes,Passerellidae,Spizelloides,arborea
1152,05677,Dark-eyed Junco,Passeriformes,Passerellidae,Junco,hyemalis
1153,05700,Yellow-eyed Junco,Passeriformes,Passerellidae,Junco,phaeonotus
1156,05540,White-crowned Sparrow,Passeriformes,Passerellidae,Zonotrichia,leucophrys
1157,05570,Golden-crowned Sparrow,Passeriformes,Passerellidae,Zonotrichia,atricapilla
1158,05530,Harris's Sparrow,Passeriformes,Passerellidae,Zonotrichia,querula
1159,05580,White-throated Sparrow,Passeriformes,Passerellidae,Zonotrichia,albicollis
1160,05739,Bell's Sparrow,Passeriformes,Passerellidae,Artemisiospiza,belli
1162,05738,Sagebrush Sparrow,Passeriformes,Passerellidae,Artemisiospiza,nevadensis
1164,05400,Vesper Sparrow,Passeriformes,Passerellidae,Pooecetes,gramineus
1165,05480,LeConte's Sparrow,Passeriformes,Passerellidae,Ammospiza,leconteii
1166,05500,Seaside Sparrow,Passeriformes,Passerellidae,Ammospiza,maritima
1167,05491,Nelson's Sparrow,Passeriformes,Passerellidae,Ammospiza,nelsoni
1168,05490,Saltmarsh Sparrow,Passeriformes,Passerellidae,Ammospiza,caudacuta
1169,05450,Baird's Sparrow,Passeriformes,Passerellidae,Centronyx,bairdii
1170,05470,Henslow's Sparrow,Passeriformes,Passerellidae,Centronyx,henslowii
1171,05420,Savannah Sparrow,Passeriformes,Passerellidae,Passerculus,sandwichensis
1173,05810,Song Sparrow,Passeriformes,Passerellidae,Melospiza,melodia
1174,05830,Lincoln's Sparrow,Passeriformes,Passerellidae,Melospiza,lincolnii
1175,05840,Swamp Sparrow,Passeriformes,Passerellidae,Melospiza,georgiana
1177,05910,Canyon Towhee,Passeriformes,Passerellidae,Melozone,fusca
1179,05920,Abert's Towhee,Passeriformes,Passerellidae,Melozone,aberti
1180,05911,California Towhee,Passeriformes,Passerellidae,Melozone,crissalis
1184,05800,Rufous-crowned Sparrow,Passeriformes,Passerellidae,Aimophila,ruficeps
1186,05900,Green-tailed Towhee,Passeriformes,Passerellidae,Pipilo,chlorurus
1187,05880,Spotted Towhee,Passeriformes,Passerellidae,Pipilo,maculatus
1188,05870,Eastern Towhee,Passeriformes,Passerellidae,Pipilo,erythrophthalmus
1194,06830,Yellow-breasted Chat,Passeriformes,Icteriidae,Icteria,virens
1195,04970,Yellow-headed Blackbird,Passeriformes,Icteridae,Xanthocephalus,xanthocephalus
1196,04940,Bobolink,Passeriformes,Icteridae,Dolichonyx,oryzivorus
1197,05009,Chihuahuan Meadowlark,Passeriformes,Icteridae,Sturnella,lilianae
1198,05010,Eastern Meadowlark,Passeriformes,Icteridae,Sturnella,magna
1199,05011,Western Meadowlark,Passeriformes,Icteridae,Sturnella,neglecta
1208,05060,Orchard Oriole,Passeriformes,Icteridae,Icterus,spurius
1209,05050,Hooded Oriole,Passeriformes,Icteridae,Icterus,cucullatus
1213,05080,Bullock's Oriole,Passeriformes,Icteridae,Icterus,bullockii
1215,05032,Spot-breasted Oriole,Passeriformes,Icteridae,Icterus,pectoralis
1216,05031,Altamira Oriole,Passeriformes,Icteridae,Icterus,gularis
1217,05030,Audubon's Oriole,Passeriformes,Icteridae,Icterus,graduacauda
1218,05070,Baltimore Oriole,Passeriformes,Icteridae,Icterus,galbula
1222,05040,Scott's Oriole,Passeriformes,Icteridae,Icterus,parisorum
1223,04980,Red-winged Blackbird,Passeriformes,Icteridae,Agelaius,phoeniceus
1224,05000,Tricolored Blackbird,Passeriformes,Icteridae,Agelaius,tricolor
1226,04961,Shiny Cowbird,Passeriformes,Icteridae,Molothrus,bonariensis
1227,04960,Bronzed Cowbird,Passeriformes,Icteridae,Molothrus,aeneus
1228,04950,Brown-headed Cowbird,Passeriformes,Icteridae,Molothrus,ater
1232,05090,Rusty Blackbird,Passeriformes,Icteridae,Euphagus,carolinus
1233,05100,Brewer's Blackbird,Passeriformes,Icteridae,Euphagus,cyanocephalus
1234,05110,Common Grackle,Passeriformes,Icteridae,Quiscalus,quiscula
1235,05130,Boat-tailed Grackle,Passeriformes,Icteridae,Quiscalus,major
1236,05120,Great-tailed Grackle,Passeriformes,Icteridae,Quiscalus,mexicanus
1238,06740,Ovenbird,Passeriformes,Parulidae,Seiurus,aurocapilla
1239,06390,Worm-eating Warbler,Passeriformes,Parulidae,Helmitheros,vermivorum
1240,06760,Louisiana Waterthrush,Passeriformes,Parulidae,Parkesia,motacilla
1241,06750,Northern Waterthrush,Passeriformes,Parulidae,Parkesia,noveboracensis
1242,06420,Golden-winged Warbler,Passeriformes,Parulidae,Vermivora,chrysoptera
1243,06410,Blue-winged Warbler,Passeriformes,Parulidae,Vermivora,cyanoptera
1246,06360,Black-and-white Warbler,Passeriformes,Parulidae,Mniotilta,varia
1247,06370,Prothonotary Warbler,Passeriformes,Parulidae,Protonotaria,citrea
1248,06380,Swainson's Warbler,Passeriformes,Parulidae,Limnothlypis,swainsonii
1250,06470,Tennessee Warbler,Passeriformes,Parulidae,Leiothlypis,peregrina
1251,06460,Orange-crowned Warbler,Passeriformes,Parulidae,Leiothlypis,celata
1253,06430,Lucy's Warbler,Passeriformes,Parulidae,Leiothlypis,luciae
1254,06450,Nashville Warbler,Passeriformes,Parulidae,Leiothlypis,ruficapilla
1255,06440,Virginia's Warbler,Passeriformes,Parulidae,Leiothlypis,virginiae
1256,06780,Connecticut Warbler,Passeriformes,Parulidae,Oporornis,agilis
1258,06800,MacGillivray's Warbler,Passeriformes,Parulidae,Geothlypis,tolmiei
1259,06790,Mourning Warbler,Passeriformes,Parulidae,Geothlypis,philadelphia
1260,06770,Kentucky Warbler,Passeriformes,Parulidae,Geothlypis,formosa
1264,06810,Common Yellowthroat,Passeriformes,Parulidae,Geothlypis,trichas
1266,06840,Hooded Warbler,Passeriformes,Parulidae,Setophaga,citrina
1267,06870,American Redstart,Passeriformes,Parulidae,Setophaga,ruticilla
1268,06700,Kirtland's Warbler,Passeriformes,Parulidae,Setophaga,kirtlandii
1269,06500,Cape May Warbler,Passeriformes,Parulidae,Setophaga,tigrina
1270,06580,Cerulean Warbler,Passeriformes,Parulidae,Setophaga,cerulea
1271,06480,Northern Parula,Passeriformes,Parulidae,Setophaga,americana
1272,06490,Tropical Parula,Passeriformes,Parulidae,Setophaga,pitiayumi
1273,06570,Magnolia Warbler,Passeriformes,Parulidae,Setophaga,magnolia
1274,06600,Bay-breasted Warbler,Passeriformes,Parulidae,Setophaga,castanea
1275,06620,Blackburnian Warbler,Passeriformes,Parulidae,Setophaga,fusca
1276,06520,Yellow Warbler,Passeriformes,Parulidae,Setophaga,petechia
1277,06590,Chestnut-sided Warbler,Passeriformes,Parulidae,Setophaga,pensylvanica
1278,06610,Blackpoll Warbler,Passeriformes,Parulidae,Setophaga,striata
1279,06540,Black-throated Blue Warbler,Passeriformes,Parulidae,Setophaga,caerulescens
1280,06720,Palm Warbler,Passeriformes,Parulidae,Setophaga,palmarum
1281,06710,Pine Warbler,Passeriformes,Parulidae,Setophaga,pinus
1284,06556,Yellow-rumped Warbler,Passeriformes,Parulidae,Setophaga,coronata
1285,06630,Yellow-throated Warbler,Passeriformes,Parulidae,Setophaga,dominica
1286,06730,Prairie Warbler,Passeriformes,Parulidae,Setophaga,discolor
1287,06640,Grace's Warbler,Passeriformes,Parulidae,Setophaga,graciae
1288,06650,Black-throated Gray Warbler,Passeriformes,Parulidae,Setophaga,nigrescens
1289,06680,Townsend's Warbler,Passeriformes,Parulidae,Setophaga,townsendi
1290,06690,Hermit Warbler,Passeriformes,Parulidae,Setophaga,occidentalis
1293,06660,Golden-cheeked Warbler,Passeriformes,Parulidae,Setophaga,chrysoparia
1294,06670,Black-throated Green Warbler,Passeriformes,Parulidae,Setophaga,virens
1300,06860,Canada Warbler,Passeriformes,Parulidae,Cardellina,canadensis
1301,06850,Wilson's Warbler,Passeriformes,Parulidae,Cardellina,pusilla
1302,06900,Red-faced Warbler,Passeriformes,Parulidae,Cardellina,rubrifrons
1305,06880,Painted Redstart,Passeriformes,Parulidae,Myioborus,pictus
1308,06090,Hepatic Tanager,Passeriformes,Cardinalidae,Piranga,flava
1309,06100,Summer Tanager,Passeriformes,Cardinalidae,Piranga,rubra
1310,06080,Scarlet Tanager,Passeriformes,Cardinalidae,Piranga,olivacea
1311,06070,Western Tanager,Passeriformes,Cardinalidae,Piranga,ludoviciana
1319,05930,Northern Cardinal,Passeriformes,Cardinalidae,Cardinalis,cardinalis
1320,05940,Pyrrhuloxia,Passeriformes,Cardinalidae,Cardinalis,sinuatus
1323,05950,Rose-breasted Grosbeak,Passeriformes,Cardinalidae,Pheucticus,ludovicianus
1324,05960,Black-headed Grosbeak,Passeriformes,Cardinalidae,Pheucticus,melanocephalus
1330,05970,Blue Grosbeak,Passeriformes,Cardinalidae,Passerina,caerulea
1331,05990,Lazuli Bunting,Passeriformes,Cardinalidae,Passerina,amoena
1332,05980,Indigo Bunting,Passeriformes,Cardinalidae,Passerina,cyanea
1336,06000,Varied Bunting,Passeriformes,Cardinalidae,Passerina,versicolor
1337,06010,Painted Bunting,Passeriformes,Cardinalidae,Passerina,ciris
1338,06040,Dickcissel,Passeriformes,Cardinalidae,Spiza,americana
